event_name,event_date,event_type,policy_action,series,t_minus_1,event_day,t_plus_1,change
FOMC Sep 2023,2023-09-20,Federal Reserve,Rate Hold,US10Y,4.37,4.35,4.49,0.1200000000000001
FOMC Nov 2023,2023-11-01,Federal Reserve,Rate Hold,US10Y,4.88,4.77,4.67,-0.20999999999999996
FOMC Dec 2023,2023-12-13,Federal Reserve,Rate Hold,US10Y,4.2,4.04,3.92,-0.28000000000000025
FOMC Jan 2024,2024-01-31,Federal Reserve,Rate Hold,US10Y,4.06,3.99,3.87,-0.1899999999999995
FOMC Mar 2024,2024-03-20,Federal Reserve,Rate Hold,US10Y,4.3,4.27,4.27,-0.03000000000000025
FOMC May 2024,2024-05-01,Federal Reserve,Rate Hold,US10Y,4.69,4.63,4.58,-0.11000000000000032
FOMC Jun 2024,2024-06-12,Federal Reserve,Rate Hold,US10Y,4.39,4.31,4.24,-0.14999999999999947
FOMC Jul 2024,2024-07-31,Federal Reserve,Rate Hold,US10Y,4.15,4.09,3.99,-0.16000000000000014
FOMC Sep 2024,2024-09-18,Federal Reserve,Rate Cut,US10Y,3.65,3.7,3.73,0.08000000000000007
FOMC Nov 2024,2024-11-07,Federal Reserve,Rate Cut,US10Y,4.42,4.31,4.3,-0.1200000000000001
FOMC Dec 2024,2024-12-18,Federal Reserve,Rate Cut,US10Y,4.4,4.5,4.57,0.16999999999999993
FOMC Jan 2025,2025-01-29,Federal Reserve,Rate Hold,US10Y,4.55,4.55,4.52,-0.03000000000000025
FOMC Mar 2025,2025-03-19,Federal Reserve,Rate Hold,US10Y,4.29,4.25,4.24,-0.04999999999999982
FOMC May 2025,2025-05-07,Federal Reserve,Rate Hold,US10Y,4.3,4.26,4.37,0.07000000000000028
FOMC Jun 2025,2025-06-18,Federal Reserve,Rate Hold,US10Y,4.39,4.38,4.38,-0.009999999999999787
FOMC Jul 2025,2025-07-30,Federal Reserve,Rate Hold,US10Y,4.34,4.38,4.37,0.03000000000000025
FOMC Sep 2025,2025-09-17,Federal Reserve,Rate Cut,US10Y,4.04,4.06,4.11,0.07000000000000028
FOMC Oct 2025,2025-10-29,Federal Reserve,Rate Cut,US10Y,3.99,4.08,4.11,0.1200000000000001
FOMC Dec 2025,2025-12-10,Federal Reserve,Rate Cut,US10Y,4.18,4.13,4.14,-0.040000000000000036
FOMC Jan 2026,2026-01-28,Federal Reserve,Rate Hold,US10Y,4.24,4.26,4.24,0.0
FOMC Mar 2026,2026-03-18,Federal Reserve,Rate Hold,US10Y,4.2,4.26,4.25,0.04999999999999982
FOMC Apr 2026,2026-04-29,Federal Reserve,Rate Hold,US10Y,4.36,4.42,4.4,0.040000000000000036
FOMC Jun 2026,2026-06-17,Federal Reserve,Rate Hold,US10Y,4.43,4.49,4.46,0.03000000000000025
FOMC Jul 2026,2026-07-29,Federal Reserve,Rate Hold,US10Y,4.61,4.67,4.68,0.0699999999999994
FOMC Sep 2026,2026-09-16,Federal Reserve,Rate Increase,US10Y,5.0,5.01,4.94,-0.05999999999999961
FOMC Sep 2023,2023-09-20,Federal Reserve,Rate Hold,USDJPY,0.006765899864682,0.0067686476242046,0.0067833401166734,1.7440251991399612e-05
FOMC Nov 2023,2023-11-01,Federal Reserve,Rate Hold,USDJPY,0.006602403274792,0.0066242713301536,0.0066454013822434,4.299810745140003e-05
FOMC Dec 2023,2023-12-13,Federal Reserve,Rate Hold,USDJPY,0.006875214850464,0.006888475580354,0.0070656397936833,0.0001904249432193002
FOMC Jan 2024,2024-01-31,Federal Reserve,Rate Hold,USDJPY,0.0067700223410737,0.0068371393408997,0.0068408811054863,7.085876441260009e-05
FOMC Mar 2024,2024-03-20,Federal Reserve,Rate Hold,USDJPY,0.0066343793538114,0.0065936964262165,0.0065967412098423,-3.763814396909922e-05
FOMC May 2024,2024-05-01,Federal Reserve,Rate Hold,USDJPY,0.0063475942617747,0.0063431652394544,0.0065032190934512,0.00015562483167650028
FOMC Jun 2024,2024-06-12,Federal Reserve,Rate Hold,USDJPY,0.0063564708873633,0.0064151911726969,0.0063787714486189,2.230056125559956e-05
FOMC Jul 2024,2024-07-31,Federal Reserve,Rate Hold,USDJPY,0.0065053343741868,0.0066498204548477,0.0066640010662401,0.0001586666920533001
FOMC Sep 2024,2024-09-18,Federal Reserve,Rate Cut,USDJPY,0.0070536784933342,0.0070457267667159,0.0069988801791713,-5.479831416289969e-05
FOMC Nov 2024,2024-11-07,Federal Reserve,Rate Cut,USDJPY,0.0064691421917453,0.0065303990073793,0.0065539389172892,8.479672554389996e-05
FOMC Dec 2024,2024-12-18,Federal Reserve,Rate Cut,USDJPY,0.0065184798904895,0.0064935064935064,0.0063399480124262,-0.00017853187806330002
FOMC Jan 2025,2025-01-29,Federal Reserve,Rate Hold,USDJPY,0.0064246707356247,0.0064424687540265,0.0064758450977852,5.117436216049969e-05
FOMC Mar 2025,2025-03-19,Federal Reserve,Rate Hold,USDJPY,0.0066894106629205,0.0066657778962804,0.0067186240257995,2.9213362878999574e-05
FOMC May 2025,2025-05-07,Federal Reserve,Rate Hold,USDJPY,0.0070047632390025,0.0069700982783857,0.0068747421971676,-0.00013002104183490026
FOMC Jun 2025,2025-06-18,Federal Reserve,Rate Hold,USDJPY,0.0068946497517926,0.0069165859731636,0.0068530701754385,-4.1579576354099784e-05
FOMC Jul 2025,2025-07-30,Federal Reserve,Rate Hold,USDJPY,0.0067308339503264,0.0067082578654323,0.0066401062416998,-9.072770862660062e-05
FOMC Sep 2025,2025-09-17,Federal Reserve,Rate Cut,USDJPY,0.0068231441048034,0.0068324678874009,0.0067558438048912,-6.730029991220028e-05
FOMC Oct 2025,2025-10-29,Federal Reserve,Rate Cut,USDJPY,0.0065728933876692,0.0065828451056546,0.0064863462411623,-8.654714650690055e-05
FOMC Dec 2025,2025-12-10,Federal Reserve,Rate Cut,USDJPY,0.0063755180108383,0.006396724876863,0.0064453754431195,6.985743228119998e-05
FOMC Jan 2026,2026-01-28,Federal Reserve,Rate Hold,USDJPY,0.00653466640528,0.0065104166666666,0.0065410779696493,6.411564369299995e-06
FOMC Mar 2026,2026-03-18,Federal Reserve,Rate Hold,USDJPY,0.0062881217380368,0.0062703787308753,0.0063215121056956,3.3390367658800435e-05
FOMC Apr 2026,2026-04-29,Federal Reserve,Rate Hold,USDJPY,0.0062684134645521,0.0062410285215003,0.0063832503510787,0.00011483688652659963
FOMC Jun 2026,2026-06-17,Federal Reserve,Rate Hold,USDJPY,0.0062348026684955,0.006241418050181,0.0061969387122761,-3.786395621939963e-05
FOMC Jul 2026,2026-07-29,Federal Reserve,Rate Hold,USDJPY,0.0061106018942865,0.0061027706578786,0.0062707719320248,0.00016017003773829974
FOMC Sep 2026,2026-09-16,Federal Reserve,Rate Increase,USDJPY,0.0064470375862291,0.0064482847562548,0.0064164260506897,-3.0611535539399985e-05
FOMC Sep 2023,2023-09-20,Federal Reserve,Rate Hold,JGB10Y,0.727,0.731,0.758,0.031000000000000028
FOMC Nov 2023,2023-11-01,Federal Reserve,Rate Hold,JGB10Y,0.952,0.959,0.92,-0.03199999999999992
FOMC Dec 2023,2023-12-13,Federal Reserve,Rate Hold,JGB10Y,0.758,0.709,0.693,-0.06500000000000006
FOMC Jan 2024,2024-01-31,Federal Reserve,Rate Hold,JGB10Y,0.714,0.737,0.699,-0.015000000000000013
FOMC May 2024,2024-05-01,Federal Reserve,Rate Hold,JGB10Y,0.879,0.898,0.908,0.029000000000000026
FOMC Jun 2024,2024-06-12,Federal Reserve,Rate Hold,JGB10Y,1.035,1.0,0.982,-0.052999999999999936
FOMC Jul 2024,2024-07-31,Federal Reserve,Rate Hold,JGB10Y,1.012,1.07,1.046,0.03400000000000003
FOMC Sep 2024,2024-09-18,Federal Reserve,Rate Cut,JGB10Y,0.863,0.86,0.889,0.026000000000000023
FOMC Nov 2024,2024-11-07,Federal Reserve,Rate Cut,JGB10Y,0.993,1.016,1.011,0.017999999999999905
FOMC Dec 2024,2024-12-18,Federal Reserve,Rate Cut,JGB10Y,1.094,1.079,1.097,0.0029999999999998916
FOMC Jan 2025,2025-01-29,Federal Reserve,Rate Hold,JGB10Y,1.201,1.201,1.221,0.020000000000000018
FOMC Mar 2025,2025-03-19,Federal Reserve,Rate Hold,JGB10Y,1.507,1.52,1.527,0.020000000000000018
FOMC May 2025,2025-05-07,Federal Reserve,Rate Hold,JGB10Y,1.283,1.318,1.343,0.06000000000000005
FOMC Jun 2025,2025-06-18,Federal Reserve,Rate Hold,JGB10Y,1.498,1.479,1.439,-0.05899999999999994
FOMC Jul 2025,2025-07-30,Federal Reserve,Rate Hold,JGB10Y,1.564,1.565,1.559,-0.0050000000000001155
FOMC Sep 2025,2025-09-17,Federal Reserve,Rate Cut,JGB10Y,1.623,1.611,1.615,-0.008000000000000007
FOMC Oct 2025,2025-10-29,Federal Reserve,Rate Cut,JGB10Y,1.654,1.664,1.66,0.006000000000000005
FOMC Dec 2025,2025-12-10,Federal Reserve,Rate Cut,JGB10Y,1.962,1.958,1.933,-0.028999999999999915
FOMC Jan 2026,2026-01-28,Federal Reserve,Rate Hold,JGB10Y,2.281,2.237,2.252,-0.02900000000000036
FOMC Mar 2026,2026-03-18,Federal Reserve,Rate Hold,JGB10Y,2.279,2.231,2.273,-0.005999999999999783
FOMC Jun 2026,2026-06-17,Federal Reserve,Rate Hold,JGB10Y,2.655,2.613,2.628,-0.02699999999999969
FOMC Jul 2026,2026-07-29,Federal Reserve,Rate Hold,JGB10Y,2.783,2.757,2.801,0.018000000000000238
BOJ Sep 2023,2023-09-22,Bank of Japan,Policy Hold,US10Y,4.49,4.44,4.55,0.05999999999999961
BOJ Oct 2023,2023-10-31,Bank of Japan,YCC Adjustment,US10Y,4.88,4.88,4.77,-0.11000000000000032
BOJ Dec 2023,2023-12-19,Bank of Japan,Policy Hold,US10Y,3.95,3.93,3.86,-0.0900000000000003
BOJ Jan 2024,2024-01-23,Bank of Japan,Policy Hold,US10Y,4.11,4.14,4.18,0.0699999999999994
BOJ Mar 2024,2024-03-19,Bank of Japan,End YCC / Rate Increase,US10Y,4.34,4.3,4.27,-0.07000000000000028
BOJ Apr 2024,2024-04-26,Bank of Japan,Policy Hold,US10Y,4.7,4.67,4.63,-0.07000000000000028
BOJ Jun 2024,2024-06-14,Bank of Japan,Policy Hold,US10Y,4.24,4.2,4.28,0.040000000000000036
BOJ Jul 2024,2024-07-31,Bank of Japan,Rate Increase / Bond Purchase Change,US10Y,4.15,4.09,3.99,-0.16000000000000014
BOJ Sep 2024,2024-09-20,Bank of Japan,Policy Hold,US10Y,3.73,3.73,3.75,0.020000000000000018
BOJ Oct 2024,2024-10-31,Bank of Japan,Policy Hold,US10Y,4.29,4.28,4.37,0.08000000000000007
BOJ Dec 2024,2024-12-19,Bank of Japan,Policy Hold,US10Y,4.5,4.57,4.52,0.019999999999999574
BOJ Jan 2025,2025-01-24,Bank of Japan,Rate Increase,US10Y,4.65,4.63,4.53,-0.1200000000000001
BOJ Mar 2025,2025-03-19,Bank of Japan,Policy Hold,US10Y,4.29,4.25,4.24,-0.04999999999999982
BOJ May 2025,2025-05-01,Bank of Japan,Policy Hold,US10Y,4.17,4.25,4.33,0.16000000000000014
BOJ Jun 2025,2025-06-17,Bank of Japan,Policy Hold,US10Y,4.46,4.39,4.38,-0.08000000000000007
BOJ Jul 2025,2025-07-31,Bank of Japan,Policy Hold,US10Y,4.38,4.37,4.23,-0.14999999999999947
BOJ Sep 2025,2025-09-19,Bank of Japan,Policy Hold,US10Y,4.11,4.14,4.15,0.040000000000000036
BOJ Oct 2025,2025-10-30,Bank of Japan,Policy Hold,US10Y,4.08,4.11,4.11,0.03000000000000025
BOJ Dec 2025,2025-12-19,Bank of Japan,Rate Increase,US10Y,4.12,4.16,4.17,0.04999999999999982
BOJ Jan 2026,2026-01-23,Bank of Japan,Policy Hold,US10Y,4.26,4.24,4.22,-0.040000000000000036
BOJ Mar 2026,2026-03-19,Bank of Japan,Policy Hold,US10Y,4.26,4.25,4.39,0.1299999999999999
BOJ Apr 2026,2026-04-28,Bank of Japan,Policy Hold,US10Y,4.35,4.36,4.42,0.07000000000000028
BOJ Jun 2026,2026-06-16,Bank of Japan,Rate Increase,US10Y,4.47,4.43,4.49,0.020000000000000462
BOJ Jul 2026,2026-07-31,Bank of Japan,Policy Hold,US10Y,4.68,4.75,4.7,0.020000000000000462
BOJ Sep 2026,2026-09-18,Bank of Japan,Rate Increase,US10Y,4.94,5.01,4.96,0.019999999999999574
BOJ Sep 2023,2023-09-22,Bank of Japan,Policy Hold,USDJPY,0.0067833401166734,0.0067458175930922,0.0067231410514992,-6.0199065174199734e-05
BOJ Oct 2023,2023-10-31,Bank of Japan,YCC Adjustment,USDJPY,0.0067109589960405,0.006602403274792,0.0066242713301536,-8.668766588689966e-05
BOJ Dec 2023,2023-12-19,Bank of Japan,Policy Hold,USDJPY,0.0069910514541387,0.0069628185489486,0.0069555540098768,-3.549744426189962e-05
BOJ Jan 2024,2024-01-23,Bank of Japan,Policy Hold,USDJPY,0.0067590402162892,0.00673174015483,0.0067884054035707,2.936518728150015e-05
BOJ Mar 2024,2024-03-19,Bank of Japan,End YCC / Rate Increase,USDJPY,0.006705558908335,0.0066343793538114,0.0065936964262165,-0.00011186248211849954
BOJ Apr 2024,2024-04-26,Bank of Japan,Policy Hold,USDJPY,0.0064300411522633,0.0063443725415556,0.006381213706847,-4.882744541629975e-05
BOJ Jun 2024,2024-06-14,Bank of Japan,Policy Hold,USDJPY,0.0063787714486189,0.0063580874872838,0.0063371356147021,-4.163583391680013e-05
BOJ Jul 2024,2024-07-31,Bank of Japan,Rate Increase / Bond Purchase Change,USDJPY,0.0065053343741868,0.0066498204548477,0.0066640010662401,0.0001586666920533001
BOJ Sep 2024,2024-09-20,Bank of Japan,Policy Hold,USDJPY,0.0069988801791713,0.0069492703266157,0.0069642732780834,-3.46069010879e-05
BOJ Oct 2024,2024-10-31,Bank of Japan,Policy Hold,USDJPY,0.0065295461965393,0.0065638332786347,0.0065385118347064,8.965638167099561e-06
BOJ Dec 2024,2024-12-19,Bank of Japan,Policy Hold,USDJPY,0.0064935064935064,0.0063399480124262,0.0064057395426301,-8.776695087629998e-05
BOJ Jan 2025,2025-01-24,Bank of Japan,Rate Increase,USDJPY,0.0064102564102564,0.0064275613832112,0.0064842432888081,7.398687855169998e-05
BOJ Mar 2025,2025-03-19,Bank of Japan,Policy Hold,USDJPY,0.0066894106629205,0.0066657778962804,0.0067186240257995,2.9213362878999574e-05
BOJ May 2025,2025-05-01,Bank of Japan,Policy Hold,USDJPY,0.0070111477248825,0.00687379708551,0.0069194575145308,-9.169021035169977e-05
BOJ Jun 2025,2025-06-17,Bank of Japan,Policy Hold,USDJPY,0.0069376994588594,0.0068946497517926,0.0069165859731636,-2.1113485695800106e-05
BOJ Jul 2025,2025-07-31,Bank of Japan,Policy Hold,USDJPY,0.0067082578654323,0.0066401062416998,0.0067540186410914,4.576077565910004e-05
BOJ Sep 2025,2025-09-19,Bank of Japan,Policy Hold,USDJPY,0.0067558438048912,0.0067645268213488,0.0067645268213488,8.683016457599821e-06
BOJ Oct 2025,2025-10-30,Bank of Japan,Policy Hold,USDJPY,0.0065828451056546,0.0064863462411623,0.0064913988964621,-9.144620919250036e-05
BOJ Dec 2025,2025-12-19,Bank of Japan,Rate Increase,USDJPY,0.0064296277245547,0.0063520294734167,0.0063722678901421,-5.735983441260053e-05
BOJ Jan 2026,2026-01-23,Bank of Japan,Policy Hold,USDJPY,0.0063147259408941,0.0063463857333248,0.0064985703145308,0.00018384437363670042
BOJ Mar 2026,2026-03-19,Bank of Japan,Policy Hold,USDJPY,0.0062703787308753,0.0063215121056956,0.006279040562602,8.661831726700618e-06
BOJ Apr 2026,2026-04-28,Bank of Japan,Policy Hold,USDJPY,0.0062778579948521,0.0062684134645521,0.0062410285215003,-3.682947335180084e-05
BOJ Jun 2026,2026-06-16,Bank of Japan,Rate Increase,USDJPY,0.0062421972534332,0.0062348026684955,0.006241418050181,-7.792032522000239e-07
BOJ Jul 2026,2026-07-31,Bank of Japan,Policy Hold,USDJPY,0.0062707719320248,0.0062829856747926,0.0063710499490316,0.00010027801700680013
BOJ Sep 2023,2023-09-22,Bank of Japan,Policy Hold,JGB10Y,0.758,0.754,0.738,-0.020000000000000018
BOJ Oct 2023,2023-10-31,Bank of Japan,YCC Adjustment,JGB10Y,0.895,0.952,0.959,0.06399999999999995
BOJ Dec 2023,2023-12-19,Bank of Japan,Policy Hold,JGB10Y,0.689,0.663,0.581,-0.10799999999999998
BOJ Jan 2024,2024-01-23,Bank of Japan,Policy Hold,JGB10Y,0.657,0.643,0.721,0.06399999999999995
BOJ Mar 2024,2024-03-19,Bank of Japan,End YCC / Rate Increase,JGB10Y,0.774,0.744,0.762,-0.01200000000000001
BOJ Apr 2024,2024-04-26,Bank of Japan,Policy Hold,JGB10Y,0.896,0.925,0.879,-0.017000000000000015
BOJ Jun 2024,2024-06-14,Bank of Japan,Policy Hold,JGB10Y,0.982,0.95,0.947,-0.03500000000000003
BOJ Jul 2024,2024-07-31,Bank of Japan,Rate Increase / Bond Purchase Change,JGB10Y,1.012,1.07,1.046,0.03400000000000003
BOJ Sep 2024,2024-09-20,Bank of Japan,Policy Hold,JGB10Y,0.889,0.898,0.848,-0.041000000000000036
BOJ Oct 2024,2024-10-31,Bank of Japan,Policy Hold,JGB10Y,0.961,0.947,0.952,-0.009000000000000008
BOJ Dec 2024,2024-12-19,Bank of Japan,Policy Hold,JGB10Y,1.079,1.097,1.07,-0.008999999999999897
BOJ Jan 2025,2025-01-24,Bank of Japan,Rate Increase,JGB10Y,1.215,1.238,1.225,0.010000000000000009
BOJ Mar 2025,2025-03-19,Bank of Japan,Policy Hold,JGB10Y,1.507,1.52,1.527,0.020000000000000018
BOJ May 2025,2025-05-01,Bank of Japan,Policy Hold,JGB10Y,1.33,1.291,1.283,-0.04700000000000015
BOJ Jun 2025,2025-06-17,Bank of Japan,Policy Hold,JGB10Y,1.477,1.498,1.479,0.0020000000000000018
BOJ Jul 2025,2025-07-31,Bank of Japan,Policy Hold,JGB10Y,1.565,1.559,1.56,-0.004999999999999893
BOJ Sep 2025,2025-09-19,Bank of Japan,Policy Hold,JGB10Y,1.615,1.655,1.669,0.05400000000000005
BOJ Oct 2025,2025-10-30,Bank of Japan,Policy Hold,JGB10Y,1.664,1.66,1.67,0.006000000000000005
BOJ Dec 2025,2025-12-19,Bank of Japan,Rate Increase,JGB10Y,1.972,2.021,2.073,0.10099999999999998
BOJ Jan 2026,2026-01-23,Bank of Japan,Policy Hold,JGB10Y,2.239,2.253,2.236,-0.0029999999999996696
BOJ Mar 2026,2026-03-19,Bank of Japan,Policy Hold,JGB10Y,2.231,2.273,2.322,0.09100000000000019
BOJ Apr 2026,2026-04-28,Bank of Japan,Policy Hold,JGB10Y,2.477,2.468,2.52,0.04300000000000015
BOJ Jun 2026,2026-06-16,Bank of Japan,Rate Increase,JGB10Y,2.589,2.655,2.613,0.02400000000000002
BOJ Jul 2026,2026-07-31,Bank of Japan,Policy Hold,JGB10Y,2.801,2.801,2.824,0.022999999999999687
