date,value,source,retrieval_date
2023-09-01,0.636,Japan Ministry of Finance,2026-09-26
2023-09-04,0.652,Japan Ministry of Finance,2026-09-26
2023-09-05,0.666,Japan Ministry of Finance,2026-09-26
2023-09-06,0.662,Japan Ministry of Finance,2026-09-26
2023-09-07,0.667,Japan Ministry of Finance,2026-09-26
2023-09-08,0.658,Japan Ministry of Finance,2026-09-26
2023-09-11,0.715,Japan Ministry of Finance,2026-09-26
2023-09-12,0.716,Japan Ministry of Finance,2026-09-26
2023-09-13,0.715,Japan Ministry of Finance,2026-09-26
2023-09-14,0.715,Japan Ministry of Finance,2026-09-26
2023-09-15,0.715,Japan Ministry of Finance,2026-09-26
2023-09-19,0.727,Japan Ministry of Finance,2026-09-26
2023-09-20,0.731,Japan Ministry of Finance,2026-09-26
2023-09-21,0.758,Japan Ministry of Finance,2026-09-26
2023-09-22,0.754,Japan Ministry of Finance,2026-09-26
2023-09-25,0.738,Japan Ministry of Finance,2026-09-26
2023-09-26,0.752,Japan Ministry of Finance,2026-09-26
2023-09-27,0.747,Japan Ministry of Finance,2026-09-26
2023-09-28,0.765,Japan Ministry of Finance,2026-09-26
2023-09-29,0.774,Japan Ministry of Finance,2026-09-26
2023-10-02,0.779,Japan Ministry of Finance,2026-09-26
2023-10-03,0.764,Japan Ministry of Finance,2026-09-26
2023-10-04,0.808,Japan Ministry of Finance,2026-09-26
2023-10-05,0.803,Japan Ministry of Finance,2026-09-26
2023-10-06,0.802,Japan Ministry of Finance,2026-09-26
2023-10-10,0.776,Japan Ministry of Finance,2026-09-26
2023-10-11,0.776,Japan Ministry of Finance,2026-09-26
2023-10-12,0.756,Japan Ministry of Finance,2026-09-26
2023-10-13,0.765,Japan Ministry of Finance,2026-09-26
2023-10-16,0.757,Japan Ministry of Finance,2026-09-26
2023-10-17,0.787,Japan Ministry of Finance,2026-09-26
2023-10-18,0.811,Japan Ministry of Finance,2026-09-26
2023-10-19,0.845,Japan Ministry of Finance,2026-09-26
2023-10-20,0.841,Japan Ministry of Finance,2026-09-26
2023-10-23,0.865,Japan Ministry of Finance,2026-09-26
2023-10-24,0.846,Japan Ministry of Finance,2026-09-26
2023-10-25,0.856,Japan Ministry of Finance,2026-09-26
2023-10-26,0.884,Japan Ministry of Finance,2026-09-26
2023-10-27,0.875,Japan Ministry of Finance,2026-09-26
2023-10-30,0.895,Japan Ministry of Finance,2026-09-26
2023-10-31,0.952,Japan Ministry of Finance,2026-09-26
2023-11-01,0.959,Japan Ministry of Finance,2026-09-26
2023-11-02,0.92,Japan Ministry of Finance,2026-09-26
2023-11-06,0.876,Japan Ministry of Finance,2026-09-26
2023-11-07,0.882,Japan Ministry of Finance,2026-09-26
2023-11-08,0.852,Japan Ministry of Finance,2026-09-26
2023-11-09,0.843,Japan Ministry of Finance,2026-09-26
2023-11-10,0.859,Japan Ministry of Finance,2026-09-26
2023-11-13,0.879,Japan Ministry of Finance,2026-09-26
2023-11-14,0.86,Japan Ministry of Finance,2026-09-26
2023-11-15,0.807,Japan Ministry of Finance,2026-09-26
2023-11-16,0.798,Japan Ministry of Finance,2026-09-26
2023-11-17,0.765,Japan Ministry of Finance,2026-09-26
2023-11-20,0.756,Japan Ministry of Finance,2026-09-26
2023-11-21,0.712,Japan Ministry of Finance,2026-09-26
2023-11-22,0.742,Japan Ministry of Finance,2026-09-26
2023-11-24,0.786,Japan Ministry of Finance,2026-09-26
2023-11-27,0.787,Japan Ministry of Finance,2026-09-26
2023-11-28,0.768,Japan Ministry of Finance,2026-09-26
2023-11-29,0.695,Japan Ministry of Finance,2026-09-26
2023-11-30,0.691,Japan Ministry of Finance,2026-09-26
2023-12-01,0.72,Japan Ministry of Finance,2026-09-26
2023-12-04,0.712,Japan Ministry of Finance,2026-09-26
2023-12-05,0.687,Japan Ministry of Finance,2026-09-26
2023-12-06,0.667,Japan Ministry of Finance,2026-09-26
2023-12-07,0.771,Japan Ministry of Finance,2026-09-26
2023-12-08,0.791,Japan Ministry of Finance,2026-09-26
2023-12-11,0.798,Japan Ministry of Finance,2026-09-26
2023-12-12,0.758,Japan Ministry of Finance,2026-09-26
2023-12-13,0.709,Japan Ministry of Finance,2026-09-26
2023-12-14,0.693,Japan Ministry of Finance,2026-09-26
2023-12-15,0.728,Japan Ministry of Finance,2026-09-26
2023-12-18,0.689,Japan Ministry of Finance,2026-09-26
2023-12-19,0.663,Japan Ministry of Finance,2026-09-26
2023-12-20,0.581,Japan Ministry of Finance,2026-09-26
2023-12-21,0.61,Japan Ministry of Finance,2026-09-26
2023-12-22,0.651,Japan Ministry of Finance,2026-09-26
2023-12-25,0.637,Japan Ministry of Finance,2026-09-26
2023-12-26,0.657,Japan Ministry of Finance,2026-09-26
2023-12-27,0.624,Japan Ministry of Finance,2026-09-26
2023-12-28,0.616,Japan Ministry of Finance,2026-09-26
2023-12-29,0.647,Japan Ministry of Finance,2026-09-26
2024-01-04,0.649,Japan Ministry of Finance,2026-09-26
2024-01-05,0.634,Japan Ministry of Finance,2026-09-26
2024-01-09,0.614,Japan Ministry of Finance,2026-09-26
2024-01-10,0.621,Japan Ministry of Finance,2026-09-26
2024-01-11,0.605,Japan Ministry of Finance,2026-09-26
2024-01-12,0.591,Japan Ministry of Finance,2026-09-26
2024-01-15,0.563,Japan Ministry of Finance,2026-09-26
2024-01-16,0.596,Japan Ministry of Finance,2026-09-26
2024-01-17,0.612,Japan Ministry of Finance,2026-09-26
2024-01-18,0.656,Japan Ministry of Finance,2026-09-26
2024-01-19,0.671,Japan Ministry of Finance,2026-09-26
2024-01-22,0.657,Japan Ministry of Finance,2026-09-26
2024-01-23,0.643,Japan Ministry of Finance,2026-09-26
2024-01-24,0.721,Japan Ministry of Finance,2026-09-26
2024-01-25,0.75,Japan Ministry of Finance,2026-09-26
2024-01-26,0.721,Japan Ministry of Finance,2026-09-26
2024-01-29,0.727,Japan Ministry of Finance,2026-09-26
2024-01-30,0.714,Japan Ministry of Finance,2026-09-26
2024-01-31,0.737,Japan Ministry of Finance,2026-09-26
2024-02-01,0.699,Japan Ministry of Finance,2026-09-26
2024-02-02,0.667,Japan Ministry of Finance,2026-09-26
2024-02-05,0.725,Japan Ministry of Finance,2026-09-26
2024-02-06,0.725,Japan Ministry of Finance,2026-09-26
2024-02-07,0.714,Japan Ministry of Finance,2026-09-26
2024-02-08,0.706,Japan Ministry of Finance,2026-09-26
2024-02-09,0.731,Japan Ministry of Finance,2026-09-26
2024-02-13,0.736,Japan Ministry of Finance,2026-09-26
2024-02-14,0.764,Japan Ministry of Finance,2026-09-26
2024-02-15,0.736,Japan Ministry of Finance,2026-09-26
2024-02-16,0.737,Japan Ministry of Finance,2026-09-26
2024-02-19,0.738,Japan Ministry of Finance,2026-09-26
2024-02-20,0.742,Japan Ministry of Finance,2026-09-26
2024-02-21,0.732,Japan Ministry of Finance,2026-09-26
2024-02-22,0.727,Japan Ministry of Finance,2026-09-26
2024-02-26,0.699,Japan Ministry of Finance,2026-09-26
2024-02-27,0.704,Japan Ministry of Finance,2026-09-26
2024-02-28,0.709,Japan Ministry of Finance,2026-09-26
2024-02-29,0.724,Japan Ministry of Finance,2026-09-26
2024-03-01,0.728,Japan Ministry of Finance,2026-09-26
2024-03-04,0.725,Japan Ministry of Finance,2026-09-26
2024-03-05,0.714,Japan Ministry of Finance,2026-09-26
2024-03-06,0.725,Japan Ministry of Finance,2026-09-26
2024-03-07,0.741,Japan Ministry of Finance,2026-09-26
2024-03-08,0.746,Japan Ministry of Finance,2026-09-26
2024-03-11,0.777,Japan Ministry of Finance,2026-09-26
2024-03-12,0.783,Japan Ministry of Finance,2026-09-26
2024-03-13,0.773,Japan Ministry of Finance,2026-09-26
2024-03-14,0.792,Japan Ministry of Finance,2026-09-26
2024-03-15,0.802,Japan Ministry of Finance,2026-09-26
2024-03-18,0.774,Japan Ministry of Finance,2026-09-26
2024-03-19,0.744,Japan Ministry of Finance,2026-09-26
2024-03-21,0.762,Japan Ministry of Finance,2026-09-26
2024-03-22,0.762,Japan Ministry of Finance,2026-09-26
2024-03-25,0.752,Japan Ministry of Finance,2026-09-26
2024-03-26,0.757,Japan Ministry of Finance,2026-09-26
2024-03-27,0.738,Japan Ministry of Finance,2026-09-26
2024-03-28,0.73,Japan Ministry of Finance,2026-09-26
2024-03-29,0.75,Japan Ministry of Finance,2026-09-26
2024-04-01,0.765,Japan Ministry of Finance,2026-09-26
2024-04-02,0.77,Japan Ministry of Finance,2026-09-26
2024-04-03,0.77,Japan Ministry of Finance,2026-09-26
2024-04-04,0.78,Japan Ministry of Finance,2026-09-26
2024-04-05,0.771,Japan Ministry of Finance,2026-09-26
2024-04-08,0.792,Japan Ministry of Finance,2026-09-26
2024-04-09,0.786,Japan Ministry of Finance,2026-09-26
2024-04-10,0.801,Japan Ministry of Finance,2026-09-26
2024-04-11,0.854,Japan Ministry of Finance,2026-09-26
2024-04-12,0.864,Japan Ministry of Finance,2026-09-26
2024-04-15,0.864,Japan Ministry of Finance,2026-09-26
2024-04-16,0.87,Japan Ministry of Finance,2026-09-26
2024-04-17,0.889,Japan Ministry of Finance,2026-09-26
2024-04-18,0.871,Japan Ministry of Finance,2026-09-26
2024-04-19,0.837,Japan Ministry of Finance,2026-09-26
2024-04-22,0.885,Japan Ministry of Finance,2026-09-26
2024-04-23,0.886,Japan Ministry of Finance,2026-09-26
2024-04-24,0.891,Japan Ministry of Finance,2026-09-26
2024-04-25,0.896,Japan Ministry of Finance,2026-09-26
2024-04-26,0.925,Japan Ministry of Finance,2026-09-26
2024-04-30,0.879,Japan Ministry of Finance,2026-09-26
2024-05-01,0.898,Japan Ministry of Finance,2026-09-26
2024-05-02,0.908,Japan Ministry of Finance,2026-09-26
2024-05-07,0.881,Japan Ministry of Finance,2026-09-26
2024-05-08,0.887,Japan Ministry of Finance,2026-09-26
2024-05-09,0.916,Japan Ministry of Finance,2026-09-26
2024-05-10,0.917,Japan Ministry of Finance,2026-09-26
2024-05-13,0.946,Japan Ministry of Finance,2026-09-26
2024-05-14,0.969,Japan Ministry of Finance,2026-09-26
2024-05-15,0.962,Japan Ministry of Finance,2026-09-26
2024-05-16,0.934,Japan Ministry of Finance,2026-09-26
2024-05-17,0.957,Japan Ministry of Finance,2026-09-26
2024-05-20,0.987,Japan Ministry of Finance,2026-09-26
2024-05-21,0.992,Japan Ministry of Finance,2026-09-26
2024-05-22,1.007,Japan Ministry of Finance,2026-09-26
2024-05-23,1.011,Japan Ministry of Finance,2026-09-26
2024-05-24,1.016,Japan Ministry of Finance,2026-09-26
2024-05-27,1.031,Japan Ministry of Finance,2026-09-26
2024-05-28,1.047,Japan Ministry of Finance,2026-09-26
2024-05-29,1.084,Japan Ministry of Finance,2026-09-26
2024-05-30,1.066,Japan Ministry of Finance,2026-09-26
2024-05-31,1.08,Japan Ministry of Finance,2026-09-26
2024-06-03,1.071,Japan Ministry of Finance,2026-09-26
2024-06-04,1.043,Japan Ministry of Finance,2026-09-26
2024-06-05,1.014,Japan Ministry of Finance,2026-09-26
2024-06-06,0.972,Japan Ministry of Finance,2026-09-26
2024-06-07,0.986,Japan Ministry of Finance,2026-09-26
2024-06-10,1.045,Japan Ministry of Finance,2026-09-26
2024-06-11,1.035,Japan Ministry of Finance,2026-09-26
2024-06-12,1.0,Japan Ministry of Finance,2026-09-26
2024-06-13,0.982,Japan Ministry of Finance,2026-09-26
2024-06-14,0.95,Japan Ministry of Finance,2026-09-26
2024-06-17,0.947,Japan Ministry of Finance,2026-09-26
2024-06-18,0.963,Japan Ministry of Finance,2026-09-26
2024-06-19,0.955,Japan Ministry of Finance,2026-09-26
2024-06-20,0.973,Japan Ministry of Finance,2026-09-26
2024-06-21,0.999,Japan Ministry of Finance,2026-09-26
2024-06-24,1.01,Japan Ministry of Finance,2026-09-26
2024-06-25,1.02,Japan Ministry of Finance,2026-09-26
2024-06-26,1.044,Japan Ministry of Finance,2026-09-26
2024-06-27,1.092,Japan Ministry of Finance,2026-09-26
2024-06-28,1.062,Japan Ministry of Finance,2026-09-26
2024-07-01,1.083,Japan Ministry of Finance,2026-09-26
2024-07-02,1.104,Japan Ministry of Finance,2026-09-26
2024-07-03,1.1,Japan Ministry of Finance,2026-09-26
2024-07-04,1.086,Japan Ministry of Finance,2026-09-26
2024-07-05,1.072,Japan Ministry of Finance,2026-09-26
2024-07-08,1.092,Japan Ministry of Finance,2026-09-26
2024-07-09,1.079,Japan Ministry of Finance,2026-09-26
2024-07-10,1.093,Japan Ministry of Finance,2026-09-26
2024-07-11,1.089,Japan Ministry of Finance,2026-09-26
2024-07-12,1.055,Japan Ministry of Finance,2026-09-26
2024-07-16,1.032,Japan Ministry of Finance,2026-09-26
2024-07-17,1.042,Japan Ministry of Finance,2026-09-26
2024-07-18,1.047,Japan Ministry of Finance,2026-09-26
2024-07-19,1.053,Japan Ministry of Finance,2026-09-26
2024-07-22,1.063,Japan Ministry of Finance,2026-09-26
2024-07-23,1.073,Japan Ministry of Finance,2026-09-26
2024-07-24,1.084,Japan Ministry of Finance,2026-09-26
2024-07-25,1.078,Japan Ministry of Finance,2026-09-26
2024-07-26,1.068,Japan Ministry of Finance,2026-09-26
2024-07-29,1.041,Japan Ministry of Finance,2026-09-26
2024-07-30,1.012,Japan Ministry of Finance,2026-09-26
2024-07-31,1.07,Japan Ministry of Finance,2026-09-26
2024-08-01,1.046,Japan Ministry of Finance,2026-09-26
2024-08-02,0.974,Japan Ministry of Finance,2026-09-26
2024-08-05,0.781,Japan Ministry of Finance,2026-09-26
2024-08-06,0.908,Japan Ministry of Finance,2026-09-26
2024-08-07,0.899,Japan Ministry of Finance,2026-09-26
2024-08-08,0.855,Japan Ministry of Finance,2026-09-26
2024-08-09,0.881,Japan Ministry of Finance,2026-09-26
2024-08-13,0.869,Japan Ministry of Finance,2026-09-26
2024-08-14,0.833,Japan Ministry of Finance,2026-09-26
2024-08-15,0.861,Japan Ministry of Finance,2026-09-26
2024-08-16,0.898,Japan Ministry of Finance,2026-09-26
2024-08-19,0.914,Japan Ministry of Finance,2026-09-26
2024-08-20,0.916,Japan Ministry of Finance,2026-09-26
2024-08-21,0.896,Japan Ministry of Finance,2026-09-26
2024-08-22,0.9,Japan Ministry of Finance,2026-09-26
2024-08-23,0.919,Japan Ministry of Finance,2026-09-26
2024-08-26,0.91,Japan Ministry of Finance,2026-09-26
2024-08-27,0.906,Japan Ministry of Finance,2026-09-26
2024-08-28,0.921,Japan Ministry of Finance,2026-09-26
2024-08-29,0.917,Japan Ministry of Finance,2026-09-26
2024-08-30,0.922,Japan Ministry of Finance,2026-09-26
2024-09-02,0.936,Japan Ministry of Finance,2026-09-26
2024-09-03,0.952,Japan Ministry of Finance,2026-09-26
2024-09-04,0.917,Japan Ministry of Finance,2026-09-26
2024-09-05,0.904,Japan Ministry of Finance,2026-09-26
2024-09-06,0.88,Japan Ministry of Finance,2026-09-26
2024-09-09,0.925,Japan Ministry of Finance,2026-09-26
2024-09-10,0.926,Japan Ministry of Finance,2026-09-26
2024-09-11,0.886,Japan Ministry of Finance,2026-09-26
2024-09-12,0.896,Japan Ministry of Finance,2026-09-26
2024-09-13,0.878,Japan Ministry of Finance,2026-09-26
2024-09-17,0.863,Japan Ministry of Finance,2026-09-26
2024-09-18,0.86,Japan Ministry of Finance,2026-09-26
2024-09-19,0.889,Japan Ministry of Finance,2026-09-26
2024-09-20,0.898,Japan Ministry of Finance,2026-09-26
2024-09-24,0.848,Japan Ministry of Finance,2026-09-26
2024-09-25,0.852,Japan Ministry of Finance,2026-09-26
2024-09-26,0.872,Japan Ministry of Finance,2026-09-26
2024-09-27,0.849,Japan Ministry of Finance,2026-09-26
2024-09-30,0.894,Japan Ministry of Finance,2026-09-26
2024-10-01,0.894,Japan Ministry of Finance,2026-09-26
2024-10-02,0.859,Japan Ministry of Finance,2026-09-26
2024-10-03,0.867,Japan Ministry of Finance,2026-09-26
2024-10-04,0.886,Japan Ministry of Finance,2026-09-26
2024-10-07,0.926,Japan Ministry of Finance,2026-09-26
2024-10-08,0.926,Japan Ministry of Finance,2026-09-26
2024-10-09,0.936,Japan Ministry of Finance,2026-09-26
2024-10-10,0.96,Japan Ministry of Finance,2026-09-26
2024-10-11,0.95,Japan Ministry of Finance,2026-09-26
2024-10-15,0.976,Japan Ministry of Finance,2026-09-26
2024-10-16,0.957,Japan Ministry of Finance,2026-09-26
2024-10-17,0.967,Japan Ministry of Finance,2026-09-26
2024-10-18,0.972,Japan Ministry of Finance,2026-09-26
2024-10-21,0.963,Japan Ministry of Finance,2026-09-26
2024-10-22,0.983,Japan Ministry of Finance,2026-09-26
2024-10-23,0.983,Japan Ministry of Finance,2026-09-26
2024-10-24,0.964,Japan Ministry of Finance,2026-09-26
2024-10-25,0.955,Japan Ministry of Finance,2026-09-26
2024-10-28,0.981,Japan Ministry of Finance,2026-09-26
2024-10-29,0.981,Japan Ministry of Finance,2026-09-26
2024-10-30,0.961,Japan Ministry of Finance,2026-09-26
2024-10-31,0.947,Japan Ministry of Finance,2026-09-26
2024-11-01,0.952,Japan Ministry of Finance,2026-09-26
2024-11-05,0.944,Japan Ministry of Finance,2026-09-26
2024-11-06,0.993,Japan Ministry of Finance,2026-09-26
2024-11-07,1.016,Japan Ministry of Finance,2026-09-26
2024-11-08,1.011,Japan Ministry of Finance,2026-09-26
2024-11-11,1.009,Japan Ministry of Finance,2026-09-26
2024-11-12,1.019,Japan Ministry of Finance,2026-09-26
2024-11-13,1.053,Japan Ministry of Finance,2026-09-26
2024-11-14,1.069,Japan Ministry of Finance,2026-09-26
2024-11-15,1.082,Japan Ministry of Finance,2026-09-26
2024-11-18,1.083,Japan Ministry of Finance,2026-09-26
2024-11-19,1.078,Japan Ministry of Finance,2026-09-26
2024-11-20,1.077,Japan Ministry of Finance,2026-09-26
2024-11-21,1.106,Japan Ministry of Finance,2026-09-26
2024-11-22,1.092,Japan Ministry of Finance,2026-09-26
2024-11-25,1.084,Japan Ministry of Finance,2026-09-26
2024-11-26,1.074,Japan Ministry of Finance,2026-09-26
2024-11-27,1.083,Japan Ministry of Finance,2026-09-26
2024-11-28,1.065,Japan Ministry of Finance,2026-09-26
2024-11-29,1.064,Japan Ministry of Finance,2026-09-26
2024-12-02,1.091,Japan Ministry of Finance,2026-09-26
2024-12-03,1.091,Japan Ministry of Finance,2026-09-26
2024-12-04,1.068,Japan Ministry of Finance,2026-09-26
2024-12-05,1.082,Japan Ministry of Finance,2026-09-26
2024-12-06,1.068,Japan Ministry of Finance,2026-09-26
2024-12-09,1.054,Japan Ministry of Finance,2026-09-26
2024-12-10,1.078,Japan Ministry of Finance,2026-09-26
2024-12-11,1.083,Japan Ministry of Finance,2026-09-26
2024-12-12,1.065,Japan Ministry of Finance,2026-09-26
2024-12-13,1.055,Japan Ministry of Finance,2026-09-26
2024-12-16,1.084,Japan Ministry of Finance,2026-09-26
2024-12-17,1.094,Japan Ministry of Finance,2026-09-26
2024-12-18,1.079,Japan Ministry of Finance,2026-09-26
2024-12-19,1.097,Japan Ministry of Finance,2026-09-26
2024-12-20,1.07,Japan Ministry of Finance,2026-09-26
2024-12-23,1.081,Japan Ministry of Finance,2026-09-26
2024-12-24,1.086,Japan Ministry of Finance,2026-09-26
2024-12-25,1.086,Japan Ministry of Finance,2026-09-26
2024-12-26,1.103,Japan Ministry of Finance,2026-09-26
2024-12-27,1.119,Japan Ministry of Finance,2026-09-26
2024-12-30,1.111,Japan Ministry of Finance,2026-09-26
2025-01-06,1.145,Japan Ministry of Finance,2026-09-26
2025-01-07,1.148,Japan Ministry of Finance,2026-09-26
2025-01-08,1.182,Japan Ministry of Finance,2026-09-26
2025-01-09,1.178,Japan Ministry of Finance,2026-09-26
2025-01-10,1.202,Japan Ministry of Finance,2026-09-26
2025-01-14,1.246,Japan Ministry of Finance,2026-09-26
2025-01-15,1.255,Japan Ministry of Finance,2026-09-26
2025-01-16,1.207,Japan Ministry of Finance,2026-09-26
2025-01-17,1.207,Japan Ministry of Finance,2026-09-26
2025-01-20,1.199,Japan Ministry of Finance,2026-09-26
2025-01-21,1.194,Japan Ministry of Finance,2026-09-26
2025-01-22,1.205,Japan Ministry of Finance,2026-09-26
2025-01-23,1.215,Japan Ministry of Finance,2026-09-26
2025-01-24,1.238,Japan Ministry of Finance,2026-09-26
2025-01-27,1.225,Japan Ministry of Finance,2026-09-26
2025-01-28,1.201,Japan Ministry of Finance,2026-09-26
2025-01-29,1.201,Japan Ministry of Finance,2026-09-26
2025-01-30,1.221,Japan Ministry of Finance,2026-09-26
2025-01-31,1.25,Japan Ministry of Finance,2026-09-26
2025-02-03,1.254,Japan Ministry of Finance,2026-09-26
2025-02-04,1.282,Japan Ministry of Finance,2026-09-26
2025-02-05,1.289,Japan Ministry of Finance,2026-09-26
2025-02-06,1.27,Japan Ministry of Finance,2026-09-26
2025-02-07,1.307,Japan Ministry of Finance,2026-09-26
2025-02-10,1.318,Japan Ministry of Finance,2026-09-26
2025-02-12,1.346,Japan Ministry of Finance,2026-09-26
2025-02-13,1.357,Japan Ministry of Finance,2026-09-26
2025-02-14,1.357,Japan Ministry of Finance,2026-09-26
2025-02-17,1.39,Japan Ministry of Finance,2026-09-26
2025-02-18,1.432,Japan Ministry of Finance,2026-09-26
2025-02-19,1.432,Japan Ministry of Finance,2026-09-26
2025-02-20,1.441,Japan Ministry of Finance,2026-09-26
2025-02-21,1.427,Japan Ministry of Finance,2026-09-26
2025-02-25,1.387,Japan Ministry of Finance,2026-09-26
2025-02-26,1.373,Japan Ministry of Finance,2026-09-26
2025-02-27,1.398,Japan Ministry of Finance,2026-09-26
2025-02-28,1.378,Japan Ministry of Finance,2026-09-26
2025-03-03,1.412,Japan Ministry of Finance,2026-09-26
2025-03-04,1.428,Japan Ministry of Finance,2026-09-26
2025-03-05,1.448,Japan Ministry of Finance,2026-09-26
2025-03-06,1.517,Japan Ministry of Finance,2026-09-26
2025-03-07,1.523,Japan Ministry of Finance,2026-09-26
2025-03-10,1.575,Japan Ministry of Finance,2026-09-26
2025-03-11,1.511,Japan Ministry of Finance,2026-09-26
2025-03-12,1.527,Japan Ministry of Finance,2026-09-26
2025-03-13,1.549,Japan Ministry of Finance,2026-09-26
2025-03-14,1.522,Japan Ministry of Finance,2026-09-26
2025-03-17,1.513,Japan Ministry of Finance,2026-09-26
2025-03-18,1.507,Japan Ministry of Finance,2026-09-26
2025-03-19,1.52,Japan Ministry of Finance,2026-09-26
2025-03-21,1.527,Japan Ministry of Finance,2026-09-26
2025-03-24,1.549,Japan Ministry of Finance,2026-09-26
2025-03-25,1.578,Japan Ministry of Finance,2026-09-26
2025-03-26,1.583,Japan Ministry of Finance,2026-09-26
2025-03-27,1.588,Japan Ministry of Finance,2026-09-26
2025-03-28,1.551,Japan Ministry of Finance,2026-09-26
2025-03-31,1.497,Japan Ministry of Finance,2026-09-26
2025-04-01,1.511,Japan Ministry of Finance,2026-09-26
2025-04-02,1.481,Japan Ministry of Finance,2026-09-26
2025-04-03,1.366,Japan Ministry of Finance,2026-09-26
2025-04-04,1.176,Japan Ministry of Finance,2026-09-26
2025-04-07,1.129,Japan Ministry of Finance,2026-09-26
2025-04-08,1.268,Japan Ministry of Finance,2026-09-26
2025-04-09,1.284,Japan Ministry of Finance,2026-09-26
2025-04-10,1.379,Japan Ministry of Finance,2026-09-26
2025-04-11,1.357,Japan Ministry of Finance,2026-09-26
2025-04-14,1.35,Japan Ministry of Finance,2026-09-26
2025-04-15,1.377,Japan Ministry of Finance,2026-09-26
2025-04-16,1.305,Japan Ministry of Finance,2026-09-26
2025-04-17,1.32,Japan Ministry of Finance,2026-09-26
2025-04-18,1.302,Japan Ministry of Finance,2026-09-26
2025-04-21,1.302,Japan Ministry of Finance,2026-09-26
2025-04-22,1.323,Japan Ministry of Finance,2026-09-26
2025-04-23,1.34,Japan Ministry of Finance,2026-09-26
2025-04-24,1.328,Japan Ministry of Finance,2026-09-26
2025-04-25,1.347,Japan Ministry of Finance,2026-09-26
2025-04-28,1.329,Japan Ministry of Finance,2026-09-26
2025-04-30,1.33,Japan Ministry of Finance,2026-09-26
2025-05-01,1.291,Japan Ministry of Finance,2026-09-26
2025-05-02,1.283,Japan Ministry of Finance,2026-09-26
2025-05-07,1.318,Japan Ministry of Finance,2026-09-26
2025-05-08,1.343,Japan Ministry of Finance,2026-09-26
2025-05-09,1.37,Japan Ministry of Finance,2026-09-26
2025-05-12,1.405,Japan Ministry of Finance,2026-09-26
2025-05-13,1.46,Japan Ministry of Finance,2026-09-26
2025-05-14,1.466,Japan Ministry of Finance,2026-09-26
2025-05-15,1.489,Japan Ministry of Finance,2026-09-26
2025-05-16,1.466,Japan Ministry of Finance,2026-09-26
2025-05-19,1.494,Japan Ministry of Finance,2026-09-26
2025-05-20,1.53,Japan Ministry of Finance,2026-09-26
2025-05-21,1.53,Japan Ministry of Finance,2026-09-26
2025-05-22,1.573,Japan Ministry of Finance,2026-09-26
2025-05-23,1.559,Japan Ministry of Finance,2026-09-26
2025-05-26,1.522,Japan Ministry of Finance,2026-09-26
2025-05-27,1.479,Japan Ministry of Finance,2026-09-26
2025-05-28,1.531,Japan Ministry of Finance,2026-09-26
2025-05-29,1.532,Japan Ministry of Finance,2026-09-26
2025-05-30,1.518,Japan Ministry of Finance,2026-09-26
2025-06-02,1.523,Japan Ministry of Finance,2026-09-26
2025-06-03,1.499,Japan Ministry of Finance,2026-09-26
2025-06-04,1.518,Japan Ministry of Finance,2026-09-26
2025-06-05,1.481,Japan Ministry of Finance,2026-09-26
2025-06-06,1.477,Japan Ministry of Finance,2026-09-26
2025-06-09,1.491,Japan Ministry of Finance,2026-09-26
2025-06-10,1.498,Japan Ministry of Finance,2026-09-26
2025-06-11,1.48,Japan Ministry of Finance,2026-09-26
2025-06-12,1.48,Japan Ministry of Finance,2026-09-26
2025-06-13,1.429,Japan Ministry of Finance,2026-09-26
2025-06-16,1.477,Japan Ministry of Finance,2026-09-26
2025-06-17,1.498,Japan Ministry of Finance,2026-09-26
2025-06-18,1.479,Japan Ministry of Finance,2026-09-26
2025-06-19,1.439,Japan Ministry of Finance,2026-09-26
2025-06-20,1.424,Japan Ministry of Finance,2026-09-26
2025-06-23,1.437,Japan Ministry of Finance,2026-09-26
2025-06-24,1.445,Japan Ministry of Finance,2026-09-26
2025-06-25,1.426,Japan Ministry of Finance,2026-09-26
2025-06-26,1.445,Japan Ministry of Finance,2026-09-26
2025-06-27,1.459,Japan Ministry of Finance,2026-09-26
2025-06-30,1.462,Japan Ministry of Finance,2026-09-26
2025-07-01,1.419,Japan Ministry of Finance,2026-09-26
2025-07-02,1.434,Japan Ministry of Finance,2026-09-26
2025-07-03,1.448,Japan Ministry of Finance,2026-09-26
2025-07-04,1.444,Japan Ministry of Finance,2026-09-26
2025-07-07,1.463,Japan Ministry of Finance,2026-09-26
2025-07-08,1.492,Japan Ministry of Finance,2026-09-26
2025-07-09,1.507,Japan Ministry of Finance,2026-09-26
2025-07-10,1.498,Japan Ministry of Finance,2026-09-26
2025-07-11,1.507,Japan Ministry of Finance,2026-09-26
2025-07-14,1.574,Japan Ministry of Finance,2026-09-26
2025-07-15,1.588,Japan Ministry of Finance,2026-09-26
2025-07-16,1.575,Japan Ministry of Finance,2026-09-26
2025-07-17,1.561,Japan Ministry of Finance,2026-09-26
2025-07-18,1.528,Japan Ministry of Finance,2026-09-26
2025-07-22,1.51,Japan Ministry of Finance,2026-09-26
2025-07-23,1.596,Japan Ministry of Finance,2026-09-26
2025-07-24,1.605,Japan Ministry of Finance,2026-09-26
2025-07-25,1.605,Japan Ministry of Finance,2026-09-26
2025-07-28,1.571,Japan Ministry of Finance,2026-09-26
2025-07-29,1.564,Japan Ministry of Finance,2026-09-26
2025-07-30,1.565,Japan Ministry of Finance,2026-09-26
2025-07-31,1.559,Japan Ministry of Finance,2026-09-26
2025-08-01,1.56,Japan Ministry of Finance,2026-09-26
2025-08-04,1.52,Japan Ministry of Finance,2026-09-26
2025-08-05,1.487,Japan Ministry of Finance,2026-09-26
2025-08-06,1.509,Japan Ministry of Finance,2026-09-26
2025-08-07,1.5,Japan Ministry of Finance,2026-09-26
2025-08-08,1.502,Japan Ministry of Finance,2026-09-26
2025-08-12,1.516,Japan Ministry of Finance,2026-09-26
2025-08-13,1.53,Japan Ministry of Finance,2026-09-26
2025-08-14,1.563,Japan Ministry of Finance,2026-09-26
2025-08-15,1.574,Japan Ministry of Finance,2026-09-26
2025-08-18,1.584,Japan Ministry of Finance,2026-09-26
2025-08-19,1.603,Japan Ministry of Finance,2026-09-26
2025-08-20,1.617,Japan Ministry of Finance,2026-09-26
2025-08-21,1.617,Japan Ministry of Finance,2026-09-26
2025-08-22,1.626,Japan Ministry of Finance,2026-09-26
2025-08-25,1.628,Japan Ministry of Finance,2026-09-26
2025-08-26,1.631,Japan Ministry of Finance,2026-09-26
2025-08-27,1.637,Japan Ministry of Finance,2026-09-26
2025-08-28,1.628,Japan Ministry of Finance,2026-09-26
2025-08-29,1.613,Japan Ministry of Finance,2026-09-26
2025-09-01,1.633,Japan Ministry of Finance,2026-09-26
2025-09-02,1.615,Japan Ministry of Finance,2026-09-26
2025-09-03,1.643,Japan Ministry of Finance,2026-09-26
2025-09-04,1.617,Japan Ministry of Finance,2026-09-26
2025-09-05,1.59,Japan Ministry of Finance,2026-09-26
2025-09-08,1.586,Japan Ministry of Finance,2026-09-26
2025-09-09,1.58,Japan Ministry of Finance,2026-09-26
2025-09-10,1.585,Japan Ministry of Finance,2026-09-26
2025-09-11,1.594,Japan Ministry of Finance,2026-09-26
2025-09-12,1.613,Japan Ministry of Finance,2026-09-26
2025-09-16,1.623,Japan Ministry of Finance,2026-09-26
2025-09-17,1.611,Japan Ministry of Finance,2026-09-26
2025-09-18,1.615,Japan Ministry of Finance,2026-09-26
2025-09-19,1.655,Japan Ministry of Finance,2026-09-26
2025-09-22,1.669,Japan Ministry of Finance,2026-09-26
2025-09-24,1.655,Japan Ministry of Finance,2026-09-26
2025-09-25,1.659,Japan Ministry of Finance,2026-09-26
2025-09-26,1.669,Japan Ministry of Finance,2026-09-26
2025-09-29,1.657,Japan Ministry of Finance,2026-09-26
2025-09-30,1.662,Japan Ministry of Finance,2026-09-26
2025-10-01,1.663,Japan Ministry of Finance,2026-09-26
2025-10-02,1.675,Japan Ministry of Finance,2026-09-26
2025-10-03,1.667,Japan Ministry of Finance,2026-09-26
2025-10-06,1.677,Japan Ministry of Finance,2026-09-26
2025-10-07,1.682,Japan Ministry of Finance,2026-09-26
2025-10-08,1.701,Japan Ministry of Finance,2026-09-26
2025-10-09,1.697,Japan Ministry of Finance,2026-09-26
2025-10-10,1.697,Japan Ministry of Finance,2026-09-26
2025-10-14,1.67,Japan Ministry of Finance,2026-09-26
2025-10-15,1.662,Japan Ministry of Finance,2026-09-26
2025-10-16,1.663,Japan Ministry of Finance,2026-09-26
2025-10-17,1.638,Japan Ministry of Finance,2026-09-26
2025-10-20,1.676,Japan Ministry of Finance,2026-09-26
2025-10-21,1.667,Japan Ministry of Finance,2026-09-26
2025-10-22,1.663,Japan Ministry of Finance,2026-09-26
2025-10-23,1.667,Japan Ministry of Finance,2026-09-26
2025-10-24,1.667,Japan Ministry of Finance,2026-09-26
2025-10-27,1.683,Japan Ministry of Finance,2026-09-26
2025-10-28,1.654,Japan Ministry of Finance,2026-09-26
2025-10-29,1.664,Japan Ministry of Finance,2026-09-26
2025-10-30,1.66,Japan Ministry of Finance,2026-09-26
2025-10-31,1.67,Japan Ministry of Finance,2026-09-26
2025-11-04,1.684,Japan Ministry of Finance,2026-09-26
2025-11-05,1.676,Japan Ministry of Finance,2026-09-26
2025-11-06,1.694,Japan Ministry of Finance,2026-09-26
2025-11-07,1.688,Japan Ministry of Finance,2026-09-26
2025-11-10,1.712,Japan Ministry of Finance,2026-09-26
2025-11-11,1.704,Japan Ministry of Finance,2026-09-26
2025-11-12,1.7,Japan Ministry of Finance,2026-09-26
2025-11-13,1.705,Japan Ministry of Finance,2026-09-26
2025-11-14,1.714,Japan Ministry of Finance,2026-09-26
2025-11-17,1.745,Japan Ministry of Finance,2026-09-26
2025-11-18,1.759,Japan Ministry of Finance,2026-09-26
2025-11-19,1.779,Japan Ministry of Finance,2026-09-26
2025-11-20,1.824,Japan Ministry of Finance,2026-09-26
2025-11-21,1.792,Japan Ministry of Finance,2026-09-26
2025-11-25,1.811,Japan Ministry of Finance,2026-09-26
2025-11-26,1.825,Japan Ministry of Finance,2026-09-26
2025-11-27,1.807,Japan Ministry of Finance,2026-09-26
2025-11-28,1.812,Japan Ministry of Finance,2026-09-26
2025-12-01,1.881,Japan Ministry of Finance,2026-09-26
2025-12-02,1.864,Japan Ministry of Finance,2026-09-26
2025-12-03,1.897,Japan Ministry of Finance,2026-09-26
2025-12-04,1.939,Japan Ministry of Finance,2026-09-26
2025-12-05,1.951,Japan Ministry of Finance,2026-09-26
2025-12-08,1.966,Japan Ministry of Finance,2026-09-26
2025-12-09,1.962,Japan Ministry of Finance,2026-09-26
2025-12-10,1.958,Japan Ministry of Finance,2026-09-26
2025-12-11,1.933,Japan Ministry of Finance,2026-09-26
2025-12-12,1.956,Japan Ministry of Finance,2026-09-26
2025-12-15,1.961,Japan Ministry of Finance,2026-09-26
2025-12-16,1.957,Japan Ministry of Finance,2026-09-26
2025-12-17,1.98,Japan Ministry of Finance,2026-09-26
2025-12-18,1.972,Japan Ministry of Finance,2026-09-26
2025-12-19,2.021,Japan Ministry of Finance,2026-09-26
2025-12-22,2.073,Japan Ministry of Finance,2026-09-26
2025-12-23,2.039,Japan Ministry of Finance,2026-09-26
2025-12-24,2.044,Japan Ministry of Finance,2026-09-26
2025-12-25,2.042,Japan Ministry of Finance,2026-09-26
2025-12-26,2.039,Japan Ministry of Finance,2026-09-26
2025-12-29,2.052,Japan Ministry of Finance,2026-09-26
2025-12-30,2.066,Japan Ministry of Finance,2026-09-26
2026-01-05,2.111,Japan Ministry of Finance,2026-09-26
2026-01-06,2.123,Japan Ministry of Finance,2026-09-26
2026-01-07,2.124,Japan Ministry of Finance,2026-09-26
2026-01-08,2.083,Japan Ministry of Finance,2026-09-26
2026-01-09,2.096,Japan Ministry of Finance,2026-09-26
2026-01-13,2.163,Japan Ministry of Finance,2026-09-26
2026-01-14,2.182,Japan Ministry of Finance,2026-09-26
2026-01-15,2.164,Japan Ministry of Finance,2026-09-26
2026-01-16,2.182,Japan Ministry of Finance,2026-09-26
2026-01-19,2.266,Japan Ministry of Finance,2026-09-26
2026-01-20,2.33,Japan Ministry of Finance,2026-09-26
2026-01-21,2.28,Japan Ministry of Finance,2026-09-26
2026-01-22,2.239,Japan Ministry of Finance,2026-09-26
2026-01-23,2.253,Japan Ministry of Finance,2026-09-26
2026-01-26,2.236,Japan Ministry of Finance,2026-09-26
2026-01-27,2.281,Japan Ministry of Finance,2026-09-26
2026-01-28,2.237,Japan Ministry of Finance,2026-09-26
2026-01-29,2.252,Japan Ministry of Finance,2026-09-26
2026-01-30,2.247,Japan Ministry of Finance,2026-09-26
2026-02-02,2.235,Japan Ministry of Finance,2026-09-26
2026-02-03,2.258,Japan Ministry of Finance,2026-09-26
2026-02-04,2.249,Japan Ministry of Finance,2026-09-26
2026-02-05,2.231,Japan Ministry of Finance,2026-09-26
2026-02-06,2.236,Japan Ministry of Finance,2026-09-26
2026-02-09,2.289,Japan Ministry of Finance,2026-09-26
2026-02-10,2.241,Japan Ministry of Finance,2026-09-26
2026-02-12,2.238,Japan Ministry of Finance,2026-09-26
2026-02-13,2.218,Japan Ministry of Finance,2026-09-26
2026-02-16,2.22,Japan Ministry of Finance,2026-09-26
2026-02-17,2.143,Japan Ministry of Finance,2026-09-26
2026-02-18,2.152,Japan Ministry of Finance,2026-09-26
2026-02-19,2.157,Japan Ministry of Finance,2026-09-26
2026-02-20,2.125,Japan Ministry of Finance,2026-09-26
2026-02-24,2.119,Japan Ministry of Finance,2026-09-26
2026-02-25,2.154,Japan Ministry of Finance,2026-09-26
2026-02-26,2.168,Japan Ministry of Finance,2026-09-26
2026-02-27,2.132,Japan Ministry of Finance,2026-09-26
2026-03-02,2.087,Japan Ministry of Finance,2026-09-26
2026-03-03,2.148,Japan Ministry of Finance,2026-09-26
2026-03-04,2.134,Japan Ministry of Finance,2026-09-26
2026-03-05,2.175,Japan Ministry of Finance,2026-09-26
2026-03-06,2.18,Japan Ministry of Finance,2026-09-26
2026-03-09,2.205,Japan Ministry of Finance,2026-09-26
2026-03-10,2.199,Japan Ministry of Finance,2026-09-26
2026-03-11,2.178,Japan Ministry of Finance,2026-09-26
2026-03-12,2.201,Japan Ministry of Finance,2026-09-26
2026-03-13,2.255,Japan Ministry of Finance,2026-09-26
2026-03-16,2.288,Japan Ministry of Finance,2026-09-26
2026-03-17,2.279,Japan Ministry of Finance,2026-09-26
2026-03-18,2.231,Japan Ministry of Finance,2026-09-26
2026-03-19,2.273,Japan Ministry of Finance,2026-09-26
2026-03-23,2.322,Japan Ministry of Finance,2026-09-26
2026-03-24,2.282,Japan Ministry of Finance,2026-09-26
2026-03-25,2.267,Japan Ministry of Finance,2026-09-26
2026-03-26,2.286,Japan Ministry of Finance,2026-09-26
2026-03-27,2.38,Japan Ministry of Finance,2026-09-26
2026-03-30,2.368,Japan Ministry of Finance,2026-09-26
2026-03-31,2.366,Japan Ministry of Finance,2026-09-26
2026-04-01,2.315,Japan Ministry of Finance,2026-09-26
2026-04-02,2.395,Japan Ministry of Finance,2026-09-26
2026-04-03,2.386,Japan Ministry of Finance,2026-09-26
2026-04-06,2.429,Japan Ministry of Finance,2026-09-26
2026-04-07,2.411,Japan Ministry of Finance,2026-09-26
2026-04-08,2.374,Japan Ministry of Finance,2026-09-26
2026-04-09,2.397,Japan Ministry of Finance,2026-09-26
2026-04-10,2.439,Japan Ministry of Finance,2026-09-26
2026-04-13,2.467,Japan Ministry of Finance,2026-09-26
2026-04-14,2.423,Japan Ministry of Finance,2026-09-26
2026-04-15,2.414,Japan Ministry of Finance,2026-09-26
2026-04-16,2.409,Japan Ministry of Finance,2026-09-26
2026-04-17,2.428,Japan Ministry of Finance,2026-09-26
2026-04-20,2.405,Japan Ministry of Finance,2026-09-26
2026-04-21,2.392,Japan Ministry of Finance,2026-09-26
2026-04-22,2.406,Japan Ministry of Finance,2026-09-26
2026-04-23,2.429,Japan Ministry of Finance,2026-09-26
2026-04-24,2.443,Japan Ministry of Finance,2026-09-26
2026-04-27,2.477,Japan Ministry of Finance,2026-09-26
2026-04-28,2.468,Japan Ministry of Finance,2026-09-26
2026-04-30,2.52,Japan Ministry of Finance,2026-09-26
2026-05-01,2.507,Japan Ministry of Finance,2026-09-26
2026-05-07,2.485,Japan Ministry of Finance,2026-09-26
2026-05-08,2.485,Japan Ministry of Finance,2026-09-26
2026-05-11,2.527,Japan Ministry of Finance,2026-09-26
2026-05-12,2.546,Japan Ministry of Finance,2026-09-26
2026-05-13,2.587,Japan Ministry of Finance,2026-09-26
2026-05-14,2.628,Japan Ministry of Finance,2026-09-26
2026-05-15,2.691,Japan Ministry of Finance,2026-09-26
2026-05-18,2.729,Japan Ministry of Finance,2026-09-26
2026-05-19,2.783,Japan Ministry of Finance,2026-09-26
2026-05-20,2.77,Japan Ministry of Finance,2026-09-26
2026-05-21,2.748,Japan Ministry of Finance,2026-09-26
2026-05-22,2.749,Japan Ministry of Finance,2026-09-26
2026-05-25,2.686,Japan Ministry of Finance,2026-09-26
2026-05-26,2.713,Japan Ministry of Finance,2026-09-26
2026-05-27,2.687,Japan Ministry of Finance,2026-09-26
2026-05-28,2.692,Japan Ministry of Finance,2026-09-26
2026-05-29,2.657,Japan Ministry of Finance,2026-09-26
2026-06-01,2.682,Japan Ministry of Finance,2026-09-26
2026-06-02,2.577,Japan Ministry of Finance,2026-09-26
2026-06-03,2.645,Japan Ministry of Finance,2026-09-26
2026-06-04,2.671,Japan Ministry of Finance,2026-09-26
2026-06-05,2.669,Japan Ministry of Finance,2026-09-26
2026-06-08,2.715,Japan Ministry of Finance,2026-09-26
2026-06-09,2.669,Japan Ministry of Finance,2026-09-26
2026-06-10,2.681,Japan Ministry of Finance,2026-09-26
2026-06-11,2.682,Japan Ministry of Finance,2026-09-26
2026-06-12,2.643,Japan Ministry of Finance,2026-09-26
2026-06-15,2.589,Japan Ministry of Finance,2026-09-26
2026-06-16,2.655,Japan Ministry of Finance,2026-09-26
2026-06-17,2.613,Japan Ministry of Finance,2026-09-26
2026-06-18,2.628,Japan Ministry of Finance,2026-09-26
2026-06-19,2.656,Japan Ministry of Finance,2026-09-26
2026-06-22,2.677,Japan Ministry of Finance,2026-09-26
2026-06-23,2.683,Japan Ministry of Finance,2026-09-26
2026-06-24,2.674,Japan Ministry of Finance,2026-09-26
2026-06-25,2.637,Japan Ministry of Finance,2026-09-26
2026-06-26,2.611,Japan Ministry of Finance,2026-09-26
2026-06-29,2.644,Japan Ministry of Finance,2026-09-26
2026-06-30,2.69,Japan Ministry of Finance,2026-09-26
2026-07-01,2.711,Japan Ministry of Finance,2026-09-26
2026-07-02,2.778,Japan Ministry of Finance,2026-09-26
2026-07-03,2.768,Japan Ministry of Finance,2026-09-26
2026-07-06,2.823,Japan Ministry of Finance,2026-09-26
2026-07-07,2.834,Japan Ministry of Finance,2026-09-26
2026-07-08,2.856,Japan Ministry of Finance,2026-09-26
2026-07-09,2.866,Japan Ministry of Finance,2026-09-26
2026-07-10,2.761,Japan Ministry of Finance,2026-09-26
2026-07-13,2.786,Japan Ministry of Finance,2026-09-26
2026-07-14,2.713,Japan Ministry of Finance,2026-09-26
2026-07-15,2.697,Japan Ministry of Finance,2026-09-26
2026-07-16,2.719,Japan Ministry of Finance,2026-09-26
2026-07-17,2.715,Japan Ministry of Finance,2026-09-26
2026-07-21,2.731,Japan Ministry of Finance,2026-09-26
2026-07-22,2.745,Japan Ministry of Finance,2026-09-26
2026-07-23,2.776,Japan Ministry of Finance,2026-09-26
2026-07-24,2.815,Japan Ministry of Finance,2026-09-26
2026-07-27,2.778,Japan Ministry of Finance,2026-09-26
2026-07-28,2.783,Japan Ministry of Finance,2026-09-26
2026-07-29,2.757,Japan Ministry of Finance,2026-09-26
2026-07-30,2.801,Japan Ministry of Finance,2026-09-26
2026-07-31,2.801,Japan Ministry of Finance,2026-09-26
2026-08-03,2.824,Japan Ministry of Finance,2026-09-26
2026-08-04,2.848,Japan Ministry of Finance,2026-09-26
2026-08-05,2.813,Japan Ministry of Finance,2026-09-26
2026-08-06,2.773,Japan Ministry of Finance,2026-09-26
2026-08-07,2.804,Japan Ministry of Finance,2026-09-26
2026-08-10,2.815,Japan Ministry of Finance,2026-09-26
2026-08-12,2.856,Japan Ministry of Finance,2026-09-26
2026-08-13,2.873,Japan Ministry of Finance,2026-09-26
2026-08-14,2.878,Japan Ministry of Finance,2026-09-26
2026-08-17,2.919,Japan Ministry of Finance,2026-09-26
2026-08-18,2.934,Japan Ministry of Finance,2026-09-26
2026-08-19,2.894,Japan Ministry of Finance,2026-09-26
2026-08-20,2.854,Japan Ministry of Finance,2026-09-26
2026-08-21,2.882,Japan Ministry of Finance,2026-09-26
2026-08-24,2.887,Japan Ministry of Finance,2026-09-26
2026-08-25,2.897,Japan Ministry of Finance,2026-09-26
2026-08-26,2.892,Japan Ministry of Finance,2026-09-26
2026-08-27,2.897,Japan Ministry of Finance,2026-09-26
2026-08-28,2.93,Japan Ministry of Finance,2026-09-26
2026-08-31,2.943,Japan Ministry of Finance,2026-09-26
